"Administrative District",Year,"Total Enrollment","Grade 3K","Grade PK (Half Day & Full Day)","Grade K","Grade 1","Grade 2","Grade 3","Grade 4","Grade 5","Grade 6","Grade 7","Grade 8","Grade 9","Grade 10","Grade 11","Grade 12","# Female","% Female","# Male","% Male","# Neither Female nor Male","% Neither Female nor Male","# Asian","% Asian","# Black","% Black","# Hispanic","% Hispanic","# Multi-Racial","% Multi-Racial","# Native American","% Native American","# White","% White","# Missing Race/Ethnicity Data","% Missing Race/Ethnicity Data","# Students with Disabilities","% Students with Disabilities","# English Language Learners","% English Language Learners","# Poverty","% Poverty","Economic Need Index"
01,2018-19,11376,0,759,799,850,816,838,839,832,750,780,782,746,928,813,844,5457,0.47969409823417664,5919,0.5203059315681458,,,2443,0.21475034952163696,1758,0.15453585982322693,4695,0.412710964679718,337,0.029623769223690033,60,0.005274261813610792,2045,0.17976441979408264,38,0.0033403655979782343,2597,0.22828762233257294,966,0.08491560816764832,7314,0.6429324746131897,0.6612324118614197
01,2019-20,11506,211,749,812,782,848,813,818,831,758,765,793,817,873,801,835,5517,0.47948896884918213,5989,0.5205110311508179,,,2442,0.21223708987236023,1747,0.15183383226394653,4689,0.40752649307250977,383,0.03328698128461838,63,0.00547540420666337,2056,0.1786893755197525,126,0.01095080841332674,2593,0.2253606766462326,919,0.07987137138843536,7419,0.6447940468788147,0.6769576668739319
01,2020-21,11021,209,623,728,762,746,787,775,788,755,752,756,830,894,825,791,5278,0.4789039194583893,5743,0.5210961103439331,,,2331,0.21150530874729156,1630,0.14789946377277374,4483,0.40676888823509216,427,0.03874421492218971,57,0.005171944387257099,1992,0.18074585497379303,101,0.009164323098957539,2501,0.2269304096698761,919,0.08338626474142075,7087,0.6430450677871704,0.6701181530952454
01,2021-22,10327,347,524,685,701,686,680,707,717,707,687,718,756,815,784,813,4958,0.48010072112083435,5369,0.519899308681488,,,2110,0.20431877672672272,1570,0.1520286649465561,4289,0.4153190553188324,417,0.040379587560892105,53,0.005132177844643593,1859,0.18001355230808258,29,0.002808172721415758,2440,0.2362738400697708,813,0.0787256732583046,6509,0.6302895545959473,0.6551356911659241
01,2022-23,9910,364,545,612,678,664,684,662,711,601,660,665,731,839,739,755,4824,0.4867810308933258,5084,0.5130171775817871,2,0.00020181635045446455,1991,0.20090816915035248,1471,0.14843592047691345,4117,0.4154389500617981,418,0.042179618030786514,58,0.005852674134075642,1777,0.17931382358074188,78,0.007870837114751339,2300,0.23208880424499512,774,0.07810292392969131,6201,0.6257315874099731,0.6644049882888794
02,2018-19,62973,0,2665,3033,3077,2830,2773,2710,2698,2816,2691,2600,9511,9025,8608,7936,32786,0.5206358432769775,30187,0.47936418652534485,,,13978,0.2219681441783905,8865,0.14077462255954742,20355,0.3232337534427643,2127,0.033776380121707916,353,0.005605577025562525,16659,0.26454195380210876,636,0.010099566541612148,11080,0.17594842612743378,5049,0.08017721772193909,33493,0.5318628549575806,0.5293187499046326
02,2019-20,62820,235,2731,3128,2896,2978,2772,2712,2667,2780,2757,2701,9113,9118,8073,8159,32668,0.5200254917144775,30152,0.47997453808784485,,,13918,0.22155363857746124,8629,0.13736070692539215,20153,0.32080549001693726,2251,0.035832539200782776,354,0.005635147914290428,16983,0.2703438401222229,532,0.008468640968203545,11015,0.17534224689006805,4647,0.07397325336933136,32756,0.5214263200759888,0.5351746678352356
02,2020-21,60327,187,2416,2695,2622,2506,2600,2525,2481,2625,2638,2674,9135,8992,8535,7696,31440,0.5211597084999084,28887,0.47884032130241394,,,13455,0.22303445637226105,8338,0.1382134109735489,19782,0.3279128670692444,2169,0.03595405071973801,352,0.005834866780787706,15503,0.2569827735424042,728,0.012067564763128757,10992,0.18220697343349457,4835,0.08014653623104095,32302,0.5354484915733337,0.5405256152153015
02,2021-22,57900,837,2093,2518,2441,2328,2272,2362,2281,2325,2398,2490,8602,8841,8076,8036,30372,0.5245595574378967,27528,0.4754404127597809,,,12784,0.2207944691181183,8010,0.1383419632911682,19190,0.33143350481987,2209,0.03815198689699173,370,0.006390328053385019,14647,0.2529706358909607,690,0.011917098425328732,10661,0.1841278076171875,4766,0.08231433480978012,30570,0.5279792547225952,0.5317335724830627
02,2022-23,56833,1090,2144,2450,2458,2363,2255,2256,2325,2280,2341,2400,8266,8504,8149,7552,29638,0.5214927792549133,27183,0.47829607129096985,12,0.00021114492847118527,12033,0.21172557771205902,7542,0.13270458579063416,18844,0.3315679132938385,2276,0.04004715755581856,325,0.00571850873529911,14151,0.2489926666021347,1662,0.029243573546409607,10349,0.18209491670131683,5011,0.0881706029176712,29964,0.5272288918495178,0.5407397150993347
03,2018-19,22577,0,1198,1348,1289,1340,1418,1386,1380,1474,1396,1470,2216,2408,2168,2086,12160,0.5386012196540833,10417,0.46139878034591675,,,1936,0.08575098216533661,4712,0.20870797336101532,7172,0.31766843795776367,906,0.04012933373451233,118,0.005226558074355125,7440,0.32953891158103943,293,0.012977809645235538,4145,0.18359392881393433,1070,0.04739336669445038,11050,0.48943614959716797,0.4889771342277527
03,2019-20,22564,202,1184,1384,1300,1243,1334,1369,1345,1408,1454,1365,2460,2202,2225,2089,12268,0.5436979532241821,10296,0.45630207657814026,,,2049,0.09080836921930313,4464,0.19783726334571838,7097,0.31452757120132446,931,0.04126041382551193,116,0.005140932276844978,7443,0.32986173033714294,464,0.020563729107379913,4177,0.18511788547039032,954,0.04227973893284798,10515,0.466007798910141,0.49843376874923706
03,2020-21,21084,207,961,1166,1195,1153,1131,1185,1257,1324,1342,1427,2025,2478,2090,2143,11412,0.5412635207176208,9672,0.45873647928237915,,,2007,0.09519066661596298,4057,0.19242079555988312,6778,0.321476012468338,903,0.04282868653535843,122,0.005786378402262926,6669,0.3163062036037445,548,0.025991272181272507,4017,0.19052362442016602,939,0.04453613981604576,10107,0.4793682396411896,0.5003746151924133
03,2021-22,19766,394,923,1057,1088,1095,1049,1040,1134,1216,1253,1306,1888,1993,2344,1986,10770,0.5448750257492065,8996,0.45512497425079346,,,1946,0.0984518900513649,3813,0.19290700554847717,6412,0.32439541816711426,853,0.04315491393208504,104,0.005261560436338186,6169,0.3121016025543213,469,0.02372761256992817,3903,0.19746027886867523,829,0.041940707713365555,9611,0.4862389862537384,0.49454060196876526
03,2022-23,19751,552,969,1097,1068,1100,1090,1049,1040,1142,1163,1263,2159,1945,1881,2233,10775,0.5455420017242432,8969,0.45410358905792236,7,0.00035441244835965335,1959,0.09918484836816788,3641,0.1843450963497162,6516,0.3299073576927185,880,0.044554706662893295,100,0.0050630345940589905,5976,0.3025669455528259,679,0.03437800705432892,3865,0.19568629562854767,970,0.04911143705248833,9620,0.4870639443397522,0.5068046450614929
04,2018-19,13038,302,778,792,808,857,957,999,976,984,990,966,931,964,897,837,6702,0.5140358805656433,6336,0.4859641194343567,,,1116,0.08559595048427582,3085,0.23661604523658752,7835,0.600935697555542,176,0.013499002903699875,146,0.01119803637266159,611,0.04686301574110985,69,0.005292222835123539,3214,0.24651020765304565,1306,0.10016873478889465,10611,0.8138518333435059,0.8248842358589172
04,2019-20,13004,622,851,759,781,758,823,884,996,982,960,956,902,927,907,896,6707,0.5157643556594849,6297,0.48423561453819275,,,1173,0.09020301699638367,3059,0.2352353185415268,7584,0.5832051634788513,177,0.013611196540296078,140,0.010765918530523777,633,0.04867732897400856,238,0.018302060663700104,3121,0.2400030791759491,1184,0.09104891121387482,10599,0.8150569200515747,0.8420661091804504
04,2020-21,12336,499,743,711,711,770,734,776,871,977,944,953,918,932,897,900,6428,0.521076500415802,5908,0.4789234697818756,,,1176,0.09533073753118515,2895,0.2346789836883545,7156,0.5800908207893372,224,0.018158236518502235,126,0.010214007459580898,630,0.051070038229227066,129,0.01045719813555479,2982,0.24173152446746826,1198,0.09711413830518723,10110,0.8195525407791138,0.8316657543182373
04,2021-22,11567,522,604,684,671,676,734,693,759,893,900,928,852,932,863,856,6026,0.5209648013114929,5541,0.4790351986885071,,,1065,0.09207227826118469,2759,0.23852337896823883,6715,0.5805308222770691,209,0.018068643286824226,109,0.009423359297215939,637,0.055070459842681885,73,0.006311057135462761,2907,0.25131839513778687,1175,0.10158208757638931,9359,0.8091121315956116,0.8177707195281982
04,2022-23,11339,504,605,611,645,656,674,707,711,795,858,913,1057,874,877,852,5809,0.5123026967048645,5526,0.48734456300735474,4,0.0003527647932060063,1072,0.09454096108675003,2687,0.2369697540998459,6485,0.5719199180603027,202,0.017814621329307556,106,0.009348266758024693,656,0.05785342678427696,131,0.011553047224879265,2895,0.255313515663147,1053,0.09286533296108246,9273,0.8177970051765442,0.8250985741615295
05,2018-19,11236,294,981,606,614,665,730,786,773,713,704,759,1004,967,853,787,5335,0.4748131036758423,5901,0.5251868963241577,,,387,0.03444286063313484,5482,0.48789605498313904,4397,0.39133143424987793,101,0.00898896437138319,103,0.009166963398456573,650,0.05784976854920387,116,0.010323958471417427,2774,0.2468850165605545,926,0.0824136734008789,9199,0.8187077045440674,0.8319318890571594
05,2019-20,10947,636,930,590,581,601,654,714,774,650,707,706,1002,829,773,800,5198,0.47483327984809875,5749,0.5251666903495789,,,380,0.03471270576119423,5213,0.4762035310268402,4269,0.3899698555469513,129,0.011784050613641739,103,0.00940897036343813,654,0.05974239483475685,199,0.01817849650979042,2679,0.2447245866060257,836,0.07636795192956924,8920,0.8148351311683655,0.8387733697891235
05,2020-21,9998,446,800,489,563,568,575,636,690,665,642,700,901,853,734,736,4656,0.4656931459903717,5342,0.5343068838119507,,,368,0.036807361990213394,4669,0.46699339151382446,3937,0.3937787413597107,149,0.014902980998158455,88,0.008801760151982307,634,0.06341268122196198,153,0.015303060412406921,2525,0.25255051255226135,792,0.07921583950519562,8114,0.8115622997283936,0.8332643508911133
05,2021-22,9341,507,696,488,500,569,531,546,607,581,632,620,817,799,746,702,4349,0.46558183431625366,4992,0.5344181656837463,,,350,0.03746922314167023,4345,0.46515363454818726,3677,0.39364093542099,115,0.012311316095292568,124,0.013274810276925564,638,0.06830103695392609,92,0.009849052876234055,2449,0.2621774971485138,729,0.07804303616285324,7509,0.8038753867149353,0.8243474960327148
05,2022-23,8656,443,644,459,485,510,546,487,532,501,560,603,743,737,659,747,3973,0.4589879810810089,4682,0.540896475315094,1,0.00011552680371096358,342,0.03951016813516617,4007,0.46291589736938477,3257,0.3762708008289337,133,0.015365065075457096,103,0.011899260804057121,651,0.07520794868469238,163,0.01883086934685707,2237,0.25843346118927,677,0.07821164280176163,6974,0.8056839108467102,0.8236846327781677
06,2018-19,21924,0,1715,1484,1551,1634,1713,1845,1601,1512,1580,1627,1618,1516,1133,1395,10763,0.4909231960773468,11161,0.5090768337249756,,,333,0.015188833698630333,1553,0.07083561271429062,18547,0.8459678888320923,160,0.007297938223928213,61,0.002782338997349143,1230,0.056102901697158813,40,0.0018244845559820533,4579,0.20885787904262543,5887,0.26851850748062134,18705,0.85317462682724,0.8361015319824219
06,2019-20,21698,837,1714,1403,1473,1484,1585,1689,1639,1432,1534,1608,1480,1428,1232,1160,10749,0.49539127945899963,10949,0.504608690738678,,,322,0.014840077608823776,1526,0.07032906264066696,17912,0.8255138993263245,209,0.009632224217057228,70,0.003226103726774454,1276,0.058807265013456345,383,0.017651395872235298,4508,0.20776107907295227,5191,0.23923863470554352,18099,0.834132194519043,0.8423596024513245
06,2020-21,20670,939,1512,1309,1341,1400,1430,1526,1522,1388,1424,1531,1627,1308,1126,1287,10184,0.4926947355270386,10486,0.5073052644729614,,,321,0.015529753640294075,1492,0.07218190282583237,17000,0.8224480152130127,316,0.015287856571376324,61,0.0029511370230466127,1316,0.06366714835166931,164,0.007934204302728176,4375,0.21165941655635834,5014,0.2425737828016281,17179,0.8311079144477844,0.8275165557861328
06,2021-22,19424,1190,1362,1203,1241,1236,1321,1354,1394,1272,1330,1376,1543,1351,1170,1081,9561,0.49222612380981445,9863,0.5077738761901855,,,283,0.014569604769349098,1483,0.07634884864091873,15957,0.8215094804763794,267,0.013745881617069244,55,0.002831548685207963,1231,0.06337520480155945,148,0.0076194400899112225,4138,0.21303541958332062,4891,0.25180190801620483,15809,0.8138900399208069,0.8071084022521973
06,2022-23,18521,1102,1346,1202,1183,1218,1195,1312,1264,1157,1277,1335,1401,1382,1055,1092,9098,0.4912261664867401,9422,0.508719801902771,1,5.3992764151189476E-05,242,0.013066248968243599,1412,0.07623778283596039,15001,0.8099454641342163,272,0.014686032198369503,50,0.0026996382512152195,1247,0.06732897460460663,297,0.01603585109114647,4000,0.21597105264663696,4543,0.2452891319990158,15040,0.8120511770248413,0.8111832737922668
07,2018-19,19359,794,1321,1029,1114,1172,1218,1291,1208,1118,1075,1228,1731,1877,1542,1641,9108,0.4704788327217102,10251,0.5295211672782898,,,222,0.011467534117400646,5109,0.2639082670211792,13462,0.6953871846199036,69,0.003564233658835292,163,0.008419856429100037,302,0.01559997908771038,32,0.0016529778949916363,4693,0.2424195408821106,3063,0.15822097659111023,17740,0.9163696765899658,0.9217584133148193
07,2019-20,18778,1072,1260,1021,1037,1095,1103,1200,1242,1036,1116,1063,1822,1697,1573,1441,8860,0.47182872891426086,9918,0.5281712412834167,,,205,0.010917030274868011,4905,0.2612099349498749,13014,0.6930450797080994,81,0.004313558340072632,170,0.00905314739793539,293,0.015603365376591682,110,0.005857918877154589,4580,0.24390244483947754,2731,0.1454361528158188,17148,0.9131962656974792,0.9273759722709656
07,2020-21,17533,745,1120,857,964,994,1060,1051,1156,1064,1035,1078,1738,1821,1513,1337,8230,0.469400554895401,9303,0.5305994153022766,,,198,0.011292990297079086,4581,0.2612787187099457,12140,0.6924086213111877,83,0.004733930341899395,164,0.009353790432214737,272,0.015513602644205093,95,0.00541835417971015,4292,0.2447955310344696,2684,0.15308275818824768,16092,0.9178121089935303,0.9270176291465759
07,2021-22,16032,736,934,814,792,827,920,961,974,923,974,976,1768,1692,1365,1376,7645,0.47685879468917847,8387,0.5231412053108215,,,169,0.010541416704654694,4284,0.2672155797481537,11037,0.6884356141090393,69,0.004303892143070698,170,0.010603792034089565,259,0.016155188903212547,44,0.002744511002674699,4011,0.25018712878227234,2432,0.1516966074705124,14751,0.920097291469574,0.921363353729248
07,2022-23,15262,737,924,771,799,788,815,911,974,838,913,958,1574,1639,1328,1293,7218,0.47293931245803833,8044,0.5270606875419617,0,0,164,0.010745642706751823,4108,0.2691652476787567,10329,0.6767789125442505,72,0.004717599134892225,167,0.010942209511995316,249,0.016315029934048653,173,0.0113353431224823,3811,0.24970515072345734,2291,0.1501113921403885,14025,0.9189490079879761,0.9260192513465881
08,2018-19,28039,0,2066,1867,1943,2024,2099,2201,2141,2085,2103,2160,2039,1956,1580,1775,13628,0.48603731393814087,14411,0.5139626860618591,,,1759,0.06273405253887177,5998,0.2139163315296173,18142,0.6470273733139038,108,0.0038517778739333153,310,0.011056029237806797,1663,0.059310246258974075,59,0.002104212064296007,6776,0.24166339635849,3795,0.13534720242023468,23333,0.8321623206138611,0.8307576775550842
08,2019-20,27411,814,1963,1802,1848,1887,1972,2075,2157,1978,2063,2102,2080,1722,1550,1398,13394,0.48863595724105835,14017,0.5113640427589417,,,1850,0.06749115139245987,5639,0.20572033524513245,17673,0.6447411775588989,125,0.004560213070362806,302,0.011017474345862865,1603,0.05848017334938049,219,0.007989493198692799,6306,0.2300536334514618,3556,0.12972894310951233,22870,0.8343365788459778,0.8445844650268555
08,2020-21,25731,738,1635,1601,1759,1773,1811,1908,2045,1981,1914,2045,1723,1855,1534,1409,12603,0.48979830741882324,13128,0.5102016925811768,,,1713,0.06657339632511139,5266,0.20465585589408875,16661,0.6475068926811218,167,0.006490225903689861,304,0.011814543046057224,1549,0.060199759900569916,71,0.002759317634627223,5869,0.22809062898159027,3523,0.13691656291484833,21565,0.8380941152572632,0.8408468961715698
08,2021-22,24338,879,1605,1533,1627,1664,1700,1752,1836,1830,1933,1848,1681,1545,1559,1346,11950,0.4910017251968384,12388,0.5089982748031616,,,1773,0.07284904271364212,4775,0.19619524478912354,15918,0.6540389657020569,150,0.0061632017605006695,276,0.011340291239321232,1383,0.05682471767067909,63,0.002588544739410281,5526,0.22705234587192535,3537,0.14532829821109772,20119,0.8266496658325195,0.8264300227165222
08,2022-23,23814,932,1639,1527,1510,1602,1613,1693,1726,1710,1815,1919,1640,1664,1456,1368,11708,0.4916435778141022,12104,0.5082724690437317,2,8.398421050515026E-05,1795,0.07537583261728287,4601,0.19320568442344666,15333,0.6438649296760559,150,0.006298815831542015,276,0.011589821428060532,1349,0.056647349148988724,310,0.01301755290478468,5291,0.22218023240566254,3458,0.1452087014913559,19822,0.8323675394058228,0.8361848592758179
09,2018-19,34180,0,2634,2395,2600,2612,2678,2614,2628,2544,2670,2683,2292,2157,1861,1812,16940,0.4956114590167999,17240,0.5043885111808777,,,477,0.013955529779195786,9421,0.2756290137767792,23486,0.6871269941329956,68,0.0019894675351679325,203,0.00593914557248354,474,0.013867759145796299,51,0.0014921006513759494,7896,0.2310122847557068,7648,0.2237565815448761,31600,0.9245172739028931,0.9308720827102661
09,2019-20,33198,1206,2360,2189,2278,2413,2435,2536,2501,2449,2497,2589,2269,2067,1766,1643,16482,0.4964756965637207,16716,0.5035243034362793,,,468,0.014097235165536404,8902,0.2681486904621124,22773,0.6859750747680664,69,0.0020784384105354548,190,0.005723236128687859,451,0.013585155829787254,345,0.010392192751169205,7449,0.2243809849023819,6823,0.20552442967891693,30495,0.9185794591903687,0.9376536011695862
09,2020-21,31124,1173,2039,1761,2077,2149,2280,2332,2409,2216,2402,2448,2119,2156,1816,1747,15491,0.49771881103515625,15633,0.5022811889648438,,,426,0.013687186874449253,8290,0.26635393500328064,21467,0.6897249817848206,120,0.003855545539408922,198,0.006361650303006172,423,0.013590797781944275,200,0.006425909232348204,7025,0.22571006417274475,6580,0.21141241490840912,28791,0.9250417947769165,0.9376582503318787
09,2021-22,28491,1334,1899,1726,1741,1898,1981,2028,2096,2022,2067,2270,2050,1839,1832,1708,14064,0.4936295747756958,14427,0.5063704252243042,,,353,0.012389877811074257,7590,0.26639991998672485,19776,0.6941139101982117,95,0.0033343862742185593,181,0.006352883297950029,391,0.01372363232076168,105,0.003685374278575182,6547,0.22979186475276947,6228,0.21859534084796906,26015,0.9130953550338745,0.9230241179466248
09,2022-23,27028,1269,1723,1705,1768,1712,1800,1939,1980,1927,1983,2052,1960,1933,1639,1638,13316,0.4926742613315582,13710,0.5072517395019531,2,7.399733294732869E-05,310,0.011469586752355099,7086,0.26217254996299744,18701,0.6919121146202087,98,0.003625869518145919,187,0.006918750703334808,375,0.013874500058591366,271,0.010026639327406883,6167,0.22817078232765198,5800,0.21459227800369263,24936,0.9225987792015076,0.932945191860199
10,2018-19,54925,0,3699,3693,4038,3995,4004,4167,4052,3842,3849,3747,4313,4075,3778,3673,26890,0.48957669734954834,28035,0.5104233026504517,,,4267,0.07768775522708893,8262,0.1504233032464981,38231,0.6960582733154297,316,0.005753300152719021,473,0.008611743338406086,3269,0.059517525136470795,107,0.0019481111085042357,11149,0.20298588275909424,11328,0.20624488592147827,45675,0.8315885066986084,0.8328092694282532
10,2019-20,53811,517,3847,3503,3681,3919,3916,3936,4018,3718,3824,3819,4220,3920,3558,3415,26516,0.4927617013454437,27295,0.5072382688522339,,,4107,0.07632268220186234,8041,0.14943040907382965,37263,0.6924792528152466,354,0.006578580476343632,467,0.008678522892296314,3212,0.05969039723277092,367,0.006820166949182749,10734,0.1994759440422058,10537,0.19581498205661774,44864,0.8337329030036926,0.8465123176574707
10,2020-21,50700,501,2918,3141,3407,3478,3723,3748,3761,3666,3541,3740,4103,3921,3616,3436,24881,0.4907495081424713,25819,0.5092505216598511,,,3959,0.07808678597211838,7484,0.14761340618133545,35213,0.6945365071296692,389,0.007672583684325218,430,0.008481262251734734,2995,0.05907297879457474,230,0.004536489024758339,10326,0.20366863906383514,10298,0.20311637222766876,42258,0.8334911465644836,0.8420462012290955
10,2021-22,48016,1634,2767,2870,2988,3105,3165,3446,3403,3234,3351,3379,4090,3754,3525,3305,23573,0.49094051122665405,24443,0.509059488773346,,,3771,0.07853632420301437,7067,0.14718011021614075,33163,0.690665602684021,445,0.009267743676900864,398,0.008288904093205929,2983,0.06212512403726578,189,0.003936187829822302,9643,0.2008288949728012,9656,0.20109963417053223,39063,0.8135412931442261,0.8199038505554199
10,2022-23,46014,1697,2756,2685,2840,2900,2968,3084,3296,3055,3056,3309,3941,3832,3455,3140,22593,0.49100273847579956,23415,0.5088668465614319,6,0.00013039509940426797,3504,0.07615073770284653,6721,0.14606423676013947,31604,0.686834454536438,463,0.010062155313789845,353,0.007671578321605921,2874,0.062459252774715424,495,0.010757595300674438,9098,0.1977224349975586,8889,0.19318033754825592,37691,0.8191202878952026,0.8305272459983826
11,2018-19,39666,0,3020,2848,2992,2944,3130,3295,3222,3189,3037,3105,2670,2316,1918,1980,18832,0.47476428747177124,20834,0.5252357125282288,,,3408,0.0859174132347107,15103,0.380754292011261,16830,0.42429283261299133,245,0.006176574621349573,518,0.013059043325483799,3477,0.08765693753957748,85,0.002142893150448799,8099,0.20417989790439606,4666,0.11763223260641098,31079,0.7835173606872559,0.772922933101654
11,2019-20,38538,139,3034,2610,2931,2853,2869,3108,3202,3016,3170,3094,2653,2211,1904,1744,18388,0.4771394431591034,20150,0.5228605270385742,,,3451,0.08954797685146332,14385,0.3732679486274719,16412,0.42586538195610046,273,0.007083917036652565,478,0.012403341941535473,3446,0.08941823989152908,93,0.002413202542811632,7688,0.19949141144752502,4316,0.11199335753917694,30805,0.7993409037590027,0.7947915196418762
11,2020-21,36222,75,2478,2360,2520,2788,2743,2774,3001,2888,2935,3167,2421,2301,1951,1820,17372,0.4795980453491211,18850,0.5204019546508789,,,3335,0.09207111597061157,13039,0.35997459292411804,15745,0.4346805810928345,298,0.008227044716477394,459,0.01267185714095831,3264,0.09011097997426987,82,0.002263817470520735,7478,0.20644912123680115,4357,0.1202860176563263,29200,0.8061398863792419,0.7949747443199158
11,2021-22,34491,1122,2380,2277,2321,2336,2575,2576,2589,2681,2748,2832,2413,2018,1872,1751,16556,0.4800092875957489,17935,0.5199907422065735,,,3217,0.09327071160078049,12228,0.3545272648334503,15028,0.43570786714553833,302,0.008755907416343689,420,0.012177089229226112,3159,0.09158910810947418,137,0.003972050733864307,6912,0.20040009915828705,4211,0.12208981812000275,27184,0.7881476283073425,0.7740892767906189
11,2022-23,33421,1239,2411,2286,2362,2329,2291,2536,2533,2424,2678,2747,2015,2155,1722,1693,16120,0.48233145475387573,17297,0.5175488591194153,4,0.00011968522449024022,2987,0.08937494456768036,11536,0.3451721966266632,14631,0.43777865171432495,300,0.008976392447948456,410,0.012267735786736012,3211,0.0960773155093193,346,0.010352772660553455,6674,0.19969479739665985,4151,0.12420334666967392,26621,0.7965351343154907,0.7943262457847595
12,2018-19,21955,0,1303,1566,1614,1695,1845,1815,1763,1552,1566,1665,1459,1449,1320,1343,10687,0.4867683947086334,11268,0.513231635093689,,,631,0.02874060533940792,5284,0.24067410826683044,15354,0.6993395686149597,63,0.002869505900889635,258,0.011751309037208557,339,0.015440674498677254,26,0.001184240449219942,5112,0.232839897274971,4472,0.2036893665790558,20233,0.9215668439865112,0.9271063804626465
12,2019-20,20980,184,1296,1493,1511,1574,1634,1778,1758,1505,1528,1571,1381,1464,1210,1093,10243,0.48822689056396484,10737,0.5117731094360352,,,627,0.029885604977607727,4993,0.23798856139183044,14613,0.6965205073356628,65,0.003098188666626811,229,0.01091515738517046,303,0.014442325569689274,150,0.0071496665477752686,4834,0.2304099202156067,4142,0.19742612540721893,19390,0.9242135286331177,0.9345139265060425
12,2020-21,19245,116,930,1248,1473,1437,1522,1569,1692,1414,1454,1501,1162,1386,1211,1130,9440,0.4905170202255249,9805,0.5094829797744751,,,607,0.031540658324956894,4521,0.23491816222667694,13434,0.6980514526367188,79,0.004104962106794119,229,0.011899194680154324,285,0.014809041284024715,90,0.004676539450883865,4479,0.2327357828617096,3969,0.2062353789806366,17841,0.927046000957489,0.9375902414321899
12,2021-22,18091,608,872,1273,1209,1376,1358,1419,1433,1223,1349,1397,1172,1204,1190,1008,8768,0.48466089367866516,9323,0.5153391361236572,,,535,0.02957271598279476,4279,0.23652644455432892,12684,0.7011221051216125,84,0.004643192980438471,204,0.011276325210928917,242,0.013376817107200623,63,0.0034823946189135313,4158,0.2298380434513092,3900,0.21557681262493134,16558,0.9152617454528809,0.9204382300376892
12,2022-23,17183,619,952,1127,1274,1186,1328,1311,1377,1045,1182,1357,1166,1166,1076,1017,8397,0.4886806607246399,8786,0.5113193392753601,0,0,489,0.028458360582590103,3961,0.23051853477954865,12077,0.7028458118438721,88,0.005121340975165367,181,0.010533667169511318,235,0.01367630809545517,152,0.008845952339470387,3916,0.2278996706008911,3637,0.21166269481182098,15824,0.9209101796150208,0.9300630688667297
13,2018-19,21772,0,1311,1158,1155,1089,1024,1101,1026,710,697,688,2974,3079,2881,2879,10198,0.4683997929096222,11573,0.5315542817115784,,,4468,0.20521770417690277,9118,0.41879478096961975,3700,0.16994304955005646,486,0.02232224866747856,157,0.007211097050458193,3718,0.1707697957754135,125,0.00574131915345788,3171,0.14564578235149384,905,0.04156715050339699,14106,0.647896409034729,0.6169595718383789
13,2019-20,21437,113,1297,1068,1147,1115,1048,997,1064,695,678,687,3021,2964,2787,2756,10068,0.46965527534484863,11369,0.5303447246551514,,,4493,0.20959089696407318,8589,0.4006623923778534,3600,0.16793394088745117,522,0.024350421503186226,153,0.007137192878872156,3905,0.18216168880462646,175,0.008163455873727798,2973,0.1386854499578476,835,0.03895134478807449,13486,0.6290992498397827,0.6146636605262756
13,2020-21,20653,89,1092,1047,949,1040,1011,969,957,681,660,672,2874,3051,2818,2743,9813,0.47513678669929504,10840,0.5248632431030273,,,4343,0.21028421819210052,8118,0.3930663764476776,3583,0.17348569631576538,559,0.027066286653280258,167,0.008085992187261581,3637,0.17610032856464386,246,0.011911102570593357,2912,0.14099647104740143,882,0.042705658823251724,12923,0.6257202625274658,0.6066774725914001
13,2021-22,20269,551,994,997,963,870,956,934,896,607,615,629,2915,2781,2878,2683,9746,0.4808327853679657,10523,0.5191671848297119,,,4351,0.21466279029846191,7626,0.3762395679950714,3628,0.17899255454540253,581,0.02866446226835251,163,0.008041837252676487,3677,0.1814100295305252,243,0.011988751590251923,2861,0.1411515176296234,881,0.04346539080142975,12222,0.6029897928237915,0.5897552967071533
13,2022-23,19883,624,1094,956,983,926,844,926,906,581,572,587,2682,2849,2622,2731,9638,0.4847356975078583,10241,0.5150631070137024,4,0.0002011768810916692,4282,0.2153598517179489,7062,0.35517778992652893,3540,0.17804154753684998,622,0.03128300607204437,173,0.008700900711119175,3785,0.19036363065242767,419,0.021073278039693832,2778,0.13971734046936035,851,0.042800381779670715,11744,0.5906553268432617,0.5869579911231995
14,2018-19,18510,0,1414,1192,1257,1210,1226,1224,1200,1276,1183,1134,1651,1525,1470,1548,8799,0.47536465525627136,9711,0.5246353149414063,,,985,0.053214479237794876,3716,0.20075634121894836,10547,0.569800078868866,191,0.010318746790289879,92,0.0049702865071594715,2890,0.1561318188905716,89,0.004808211699128151,3906,0.2110210657119751,2002,0.10815775394439697,13448,0.7265262007713318,0.7502269744873047
14,2019-20,18311,261,1471,1171,1147,1195,1162,1165,1165,1195,1231,1161,1662,1577,1355,1393,8863,0.4840259850025177,9448,0.5159739851951599,,,1028,0.056141115725040436,3545,0.19359947741031647,10124,0.552891731262207,258,0.01408989168703556,94,0.005133526399731636,3036,0.1658019721508026,226,0.012342307716608047,3770,0.20588716864585876,1808,0.09873846173286438,13259,0.7241002917289734,0.755569577217102
14,2020-21,17576,328,1174,1086,1053,1069,1096,1115,1105,1143,1181,1207,1643,1572,1460,1344,8442,0.48031407594680786,9134,0.5196859240531921,,,1050,0.05974055454134941,3452,0.19640418887138367,9532,0.5423304438591003,327,0.018604915589094162,97,0.005518889520317316,2935,0.16698907315731049,183,0.010411925613880157,3794,0.21586254239082336,1725,0.09814519435167313,12805,0.7285503149032593,0.74903404712677
14,2021-22,16673,635,1128,940,1004,943,952,989,1015,987,1056,1135,1623,1552,1369,1345,8050,0.48281651735305786,8623,0.5171834826469421,,,996,0.059737298637628555,3326,0.1994841992855072,9031,0.5416541695594788,301,0.018053140491247177,100,0.005997720640152693,2790,0.16733641922473907,129,0.007737060077488422,3668,0.2199964076280594,1660,0.09956216812133789,11710,0.7023330926895142,0.7294266223907471
14,2022-23,16337,823,1148,938,940,938,916,899,958,956,965,1039,1640,1554,1380,1243,7904,0.48380976915359497,8431,0.5160678029060364,2,0.00012242149387020618,905,0.05539572611451149,3202,0.19599682092666626,8595,0.5261063575744629,311,0.019036542624235153,100,0.0061210747808218,2914,0.17836812138557434,310,0.018975332379341125,3438,0.21044255793094635,1657,0.10142621397972107,11439,0.7001897692680359,0.7401425242424011
15,2018-19,33220,0,2694,3040,3060,3016,2916,2952,2872,2362,2047,1967,1717,1837,1378,1362,16794,0.505538821220398,16426,0.49446117877960205,,,5404,0.16267308592796326,4520,0.1360626071691513,11834,0.3562311828136444,996,0.029981939122080803,134,0.004033714532852173,10195,0.3068934381008148,137,0.004124021623283625,6689,0.20135460793972015,4598,0.13841059803962708,18794,0.5657435059547424,0.5743480920791626
15,2019-20,33140,275,2771,2921,2962,2926,2896,2811,2866,2193,2274,2017,1670,1799,1466,1293,16620,0.5015087723731995,16520,0.4984912574291229,,,5495,0.1658117026090622,4231,0.12767048180103302,11589,0.3496982455253601,1117,0.033705491572618484,145,0.004375377204269171,10260,0.30959564447402954,303,0.00914302933961153,6812,0.20555220544338226,4272,0.12890766561031342,18391,0.5549486875534058,0.5779955983161926
15,2020-21,31261,235,2261,2594,2687,2676,2699,2710,2633,2104,2085,2217,1519,1809,1565,1467,15653,0.5007197260856628,15608,0.49928024411201477,,,5281,0.16893254220485687,4028,0.12885063886642456,11115,0.35555484890937805,1183,0.037842679768800735,148,0.0047343336045742035,9250,0.29589584469795227,256,0.008189117535948753,6739,0.21557211875915527,4385,0.14027062058448792,17676,0.5654329657554626,0.5786386132240295
15,2021-22,29777,895,2132,2421,2423,2371,2468,2452,2501,1946,1925,1975,1571,1680,1511,1506,15039,0.505054235458374,14738,0.494945764541626,,,4920,0.1652282029390335,3784,0.12707795202732086,10626,0.35685259103775024,1227,0.041206300258636475,132,0.0044329515658319,8885,0.2983846664428711,203,0.00681734224781394,6531,0.21933035552501678,4098,0.13762299716472626,16217,0.5446149706840515,0.5558621287345886
15,2022-23,29498,1279,2227,2356,2394,2333,2303,2415,2361,1916,1857,1903,1559,1743,1474,1378,14892,0.5048477649688721,14591,0.4946437180042267,15,0.0005085090524517,4696,0.15919724106788635,3534,0.1198047325015068,10519,0.35660043358802795,1338,0.04535900801420212,126,0.004271476063877344,8911,0.30208829045295715,374,0.012678825296461582,6284,0.21303139626979828,3957,0.13414469361305237,16115,0.5463082194328308,0.5549134612083435
16,2018-19,6745,349,608,456,477,480,509,568,476,308,308,320,372,408,424,682,3222,0.47768718004226685,3523,0.5223128199577332,,,146,0.021645663306117058,4928,0.7306152582168579,1318,0.19540400803089142,53,0.007857671938836575,76,0.011267605237662792,208,0.030837656930088997,16,0.002372127491980791,1713,0.25396591424942017,311,0.04610822722315788,5655,0.838398814201355,0.8455366492271423
16,2019-20,6656,524,663,456,453,465,453,481,554,276,317,306,455,389,336,528,3170,0.47626203298568726,3486,0.5237379670143127,,,142,0.02133413404226303,4748,0.7133413553237915,1320,0.19831730425357819,62,0.009314903989434242,68,0.010216346010565758,256,0.03846153989434242,60,0.009014423005282879,1625,0.244140625,323,0.04852764308452606,5431,0.8159555196762085,0.8437792658805847
16,2020-21,6302,444,585,446,434,431,455,432,470,348,287,307,388,411,442,422,3018,0.4788955748081207,3284,0.5211043953895569,,,146,0.02316724881529808,4434,0.7035861611366272,1270,0.2015233188867569,72,0.01142494473606348,62,0.009838146157562733,268,0.042526181787252426,50,0.00793398916721344,1513,0.2400825172662735,325,0.05157092958688736,5225,0.8291018605232239,0.8213094472885132
16,2021-22,5970,412,521,437,435,417,424,422,430,284,331,276,385,362,386,448,2835,0.4748743772506714,3135,0.5251256227493286,,,134,0.0224455613642931,4126,0.69112229347229,1338,0.2241206020116806,72,0.012060301378369331,60,0.01005025114864111,227,0.0380234494805336,13,0.002177554415538907,1453,0.24338358640670776,354,0.05929648131132126,4856,0.8134003281593323,0.8199173808097839
16,2022-23,5701,368,526,433,405,399,397,410,393,276,287,331,302,367,451,356,2753,0.48289772868156433,2947,0.5169268846511841,1,0.00017540782573632896,140,0.024557095021009445,3843,0.6740922927856445,1277,0.22399578988552094,75,0.013155587017536163,63,0.01105069275945425,240,0.04209787771105766,63,0.01105069275945425,1329,0.2331169992685318,342,0.05998947471380234,4627,0.8116120100021362,0.8294727802276611
17,2018-19,21984,0,1944,1174,1295,1297,1346,1433,1381,1565,1496,1564,1884,1937,1753,1915,11034,0.5019105076789856,10950,0.4980895221233368,,,658,0.029930857941508293,16343,0.7434042692184448,3512,0.15975254774093628,167,0.007596433628350496,289,0.013145924545824528,914,0.04157569259405136,101,0.0045942505821585655,4092,0.18613536655902863,2277,0.10357532650232315,17600,0.800582230091095,0.7693116664886475
17,2019-20,21544,406,1897,1163,1114,1220,1227,1266,1317,1519,1546,1480,1951,1918,1714,1806,10883,0.5051522254943848,10661,0.49484774470329285,,,646,0.02998514659702778,15764,0.7317118644714355,3398,0.15772372484207153,172,0.007983661256730556,296,0.013739324174821377,1037,0.04813405126333237,231,0.01072224322706461,3946,0.18316005170345306,2007,0.09315818548202515,17108,0.7940958142280579,0.7839409708976746
17,2020-21,20533,408,1454,1028,1128,1034,1201,1178,1231,1388,1474,1533,2032,1859,1768,1817,10400,0.5065017342567444,10133,0.4934982657432556,,,625,0.030438804998993874,14702,0.7160181403160095,3461,0.16855792701244354,236,0.011493693105876446,273,0.013295670039951801,1027,0.05001704394817352,209,0.010178736411035061,3933,0.19154532253742218,1966,0.09574830532073975,16473,0.8022695183753967,0.7747897505760193
17,2021-22,20128,1117,1513,1025,990,995,966,1099,1137,1171,1346,1436,2117,1773,1681,1762,10157,0.5046204328536987,9971,0.49537956714630127,,,605,0.0300576314330101,14281,0.7095091342926025,3469,0.17234697937965393,236,0.011724960058927536,260,0.01291732955724001,1160,0.05763116106390953,117,0.005812798161059618,3864,0.19197137653827667,1935,0.0961347371339798,15599,0.7749900817871094,0.7431614995002747
17,2022-23,19328,1138,1702,1035,1023,945,951,945,1078,1127,1151,1311,1835,1815,1589,1683,9683,0.5009830594062805,9644,0.49896523356437683,1,5.173841054784134E-05,543,0.028093956410884857,13229,0.6844474077224731,3484,0.18025662004947662,244,0.012624172493815422,248,0.012831125408411026,1181,0.06110306456685066,399,0.020643625408411026,3613,0.18693087995052338,1843,0.09535389393568039,15190,0.7859064340591431,0.7601275444030762
18,2018-19,15006,0,1320,883,955,1046,1083,1141,1102,1094,1088,1104,1013,1092,980,1105,7207,0.4802745580673218,7799,0.5197254419326782,,,286,0.019059043377637863,12673,0.84452885389328,1183,0.078835129737854,78,0.005197920836508274,179,0.011928562074899673,565,0.037651605904102325,42,0.002798880450427532,3009,0.20051978528499603,1116,0.07437025010585785,11623,0.7745568156242371,0.719660758972168
18,2019-20,13951,163,1330,786,825,912,984,1058,1065,952,1099,1066,914,908,902,987,6653,0.4768833816051483,7298,0.5231166481971741,,,307,0.022005591541528702,11685,0.8375743627548218,1144,0.08200129121541977,84,0.006021073553711176,117,0.008386495523154736,560,0.04014049097895622,54,0.003870690241456032,2785,0.19962726533412933,952,0.06823883950710297,10811,0.7749265432357788,0.7487395405769348
18,2020-21,12602,152,966,772,764,786,880,931,1013,942,940,1057,863,893,770,873,6037,0.4790509343147278,6565,0.5209490656852722,,,286,0.02269481122493744,10372,0.823043942451477,1155,0.09165211766958237,95,0.007538485806435347,113,0.008966830559074879,525,0.04166005551815033,56,0.004443739075213671,2588,0.20536422729492188,908,0.07205205410718918,9826,0.7797175049781799,0.7404018044471741
18,2021-22,12068,813,1072,675,732,688,731,797,878,828,888,892,835,763,707,769,5723,0.4742293655872345,6345,0.5257706046104431,,,285,0.02361617423593998,9868,0.8176997303962708,1108,0.09181305766105652,103,0.008534968830645084,108,0.008949287235736847,523,0.04333775117993355,73,0.006049055140465498,2465,0.20425920188426971,864,0.07159429788589478,8987,0.7446967363357544,0.6947725415229797
18,2022-23,11768,848,1189,699,701,708,698,702,810,773,812,859,749,810,701,709,5594,0.47535690665245056,6174,0.5246431231498718,0,0,317,0.0269374568015337,9288,0.7892590165138245,1199,0.10188647359609604,103,0.008752549067139626,123,0.010452073067426682,588,0.04996601119637489,150,0.012746430933475494,2319,0.19705982506275177,846,0.07188986986875534,8962,0.7615567445755005,0.7193791270256042
19,2018-19,22174,0,1832,1481,1596,1616,1679,1670,1738,1621,1687,1697,1597,1440,1171,1349,10586,0.47740596532821655,11588,0.5225940346717834,,,1757,0.0792369470000267,9490,0.4279787242412567,9985,0.4503021538257599,81,0.003652926767244935,332,0.014972490258514881,470,0.021195994690060616,59,0.002660773927345872,4809,0.2168756127357483,3036,0.1369171142578125,19591,0.8835121989250183,0.867013156414032
19,2019-20,22173,1078,1748,1421,1452,1534,1558,1623,1612,1593,1621,1649,1584,1454,1194,1052,10622,0.4790510833263397,11551,0.5209488868713379,,,1844,0.08316420763731003,9253,0.41730934381484985,9885,0.445812463760376,91,0.004104090388864279,331,0.014928065240383148,473,0.02133225090801716,296,0.013349569402635098,4576,0.20637711882591248,2799,0.12623460590839386,19452,0.8772831559181213,0.8785550594329834
19,2020-21,20872,859,1471,1230,1358,1379,1432,1485,1545,1424,1563,1587,1641,1511,1233,1154,9896,0.47412800788879395,10976,0.525871992111206,,,1786,0.08556918054819107,8544,0.40935224294662476,9418,0.45122653245925903,174,0.008336527273058891,323,0.015475277788937092,440,0.021080873906612396,187,0.008959371596574783,4451,0.2132522016763687,2706,0.1296473741531372,18469,0.8848696947097778,0.8743583559989929
19,2021-22,19959,1058,1440,1345,1242,1250,1274,1348,1396,1366,1365,1474,1600,1394,1308,1099,9512,0.4765769839286804,10447,0.5234230160713196,,,1719,0.08612655848264694,8111,0.40638309717178345,9202,0.46104514598846436,114,0.005711709149181843,313,0.015682147815823555,410,0.02054211124777794,90,0.004509244114160538,4250,0.21293652057647705,2749,0.1377323567867279,17114,0.8574578166007996,0.8498392105102539
19,2022-23,19490,1054,1454,1237,1277,1187,1225,1244,1352,1297,1364,1385,1546,1524,1226,1118,9332,0.478809654712677,10158,0.521190345287323,0,0,1676,0.08599281311035156,7705,0.39533093571662903,8915,0.45741406083106995,125,0.006413545459508896,345,0.01770138554275036,394,0.02021549455821514,330,0.01693175919353962,4084,0.2095433622598648,2751,0.14114931225776672,16908,0.8675218224525452,0.8585976362228394
20,2018-19,53980,0,4238,3884,4354,4085,3949,4167,3979,4148,4120,4046,3764,3594,2660,2992,25901,0.47982585430145264,28079,0.5201741456985474,,,23562,0.43649500608444214,1388,0.025713227689266205,14307,0.26504260301589966,317,0.005872545298188925,173,0.0032048907596617937,14065,0.26055946946144104,168,0.0031122637446969748,8647,0.1601889580488205,11909,0.22061875462532043,41643,0.7714523673057556,0.7605425119400024
20,2019-20,54077,336,4195,3920,3861,4276,4050,3948,4150,4018,4162,4173,3849,3640,2769,2730,26009,0.480962336063385,28068,0.519037663936615,,,23665,0.4376167356967926,1300,0.024039795622229576,14511,0.268339604139328,362,0.006694158539175987,189,0.0034950163681060076,13870,0.25648611783981323,180,0.0033285869285464287,8615,0.15930987894535065,11029,0.2039499282836914,41532,0.76801598072052,0.772932231426239
20,2020-21,52641,410,3774,3719,3800,3683,4101,3948,3860,4061,3982,4119,3772,3640,2963,2809,25365,0.48184874653816223,27276,0.5181512236595154,,,23201,0.44074010848999023,1258,0.023897722363471985,14064,0.26716816425323486,424,0.00805455818772316,197,0.0037423300091177225,13295,0.2525597810745239,202,0.003837313037365675,8631,0.16395965218544006,11906,0.2261735200881958,40312,0.7657909393310547,0.7542473673820496
20,2021-22,50411,1880,3347,3417,3555,3496,3452,3822,3742,3613,3875,3880,3342,3433,2668,2889,24234,0.480728417634964,26177,0.5192716121673584,,,21906,0.434548020362854,1174,0.02328856848180294,13835,0.2744440734386444,394,0.007815754041075706,194,0.0038483664393424988,12694,0.25181013345718384,214,0.0042451051995158195,8536,0.16932812333106995,10986,0.21792863309383392,37192,0.7377755045890808,0.7257041931152344
20,2022-23,50141,2615,3395,3221,3503,3524,3462,3414,3831,3699,3630,3901,3314,3133,2764,2735,24130,0.4812428951263428,26011,0.5187571048736572,0,0,21496,0.42871102690696716,1108,0.02209768444299698,13787,0.2749646008014679,437,0.008715422824025154,216,0.0043078516609966755,12591,0.25111186504364014,506,0.010091542266309261,8338,0.16629105806350708,10325,0.2059193104505539,36850,0.7349274754524231,0.7359884977340698
21,2018-19,37136,0,2979,2131,2275,2161,2179,2269,2237,3214,3105,3082,3296,3085,2544,2579,17996,0.4845971465110779,19140,0.5154028534889221,,,9489,0.2555202543735504,5094,0.13717147707939148,9197,0.24765725433826447,238,0.0064088753424584866,216,0.005816458258777857,12603,0.3393741846084595,299,0.008051486685872078,6952,0.1872037947177887,6454,0.17379362881183624,27062,0.728726863861084,0.7317050099372864
21,2019-20,37073,227,2918,2208,2150,2193,2173,2177,2258,3240,3229,3115,3423,2977,2409,2376,18108,0.48844173550605774,18965,0.5115582942962646,,,9546,0.25749197602272034,4794,0.1293124407529831,9249,0.24948075413703918,282,0.007606613915413618,233,0.006284897215664387,12582,0.3393844664096832,387,0.01043886411935091,6806,0.18358373641967773,6296,0.16982710361480713,27251,0.7350632548332214,0.7488158345222473
21,2020-21,36039,180,2566,1924,2086,2043,2070,2094,2082,3304,3157,3172,3261,3238,2436,2426,17598,0.48830434679985046,18441,0.5116956830024719,,,9386,0.26044008135795593,4548,0.12619662284851074,9056,0.25128331780433655,301,0.008352062664926052,281,0.007797108497470617,12059,0.334609717130661,408,0.011321068741381168,6573,0.18238574266433716,6814,0.18907295167446136,26209,0.7272399067878723,0.7409433126449585
21,2021-22,36618,1583,2660,1930,1936,1961,1927,1926,2014,2973,3117,3060,3601,3009,2540,2381,17843,0.48727402091026306,18775,0.5127260088920593,,,9358,0.2555573880672455,4461,0.12182532995939255,9368,0.25583046674728394,351,0.00958544947206974,276,0.007537276949733496,12507,0.34155333042144775,297,0.008110765367746353,6849,0.18703916668891907,6557,0.17906494438648224,25684,0.7014036774635315,0.7122167348861694
21,2022-23,37501,1978,2762,1888,2060,1992,1968,2006,2042,2979,3000,3224,3414,3243,2487,2458,18364,0.48969361186027527,19134,0.5102263689041138,3,7.999786612344906E-05,9282,0.24751339852809906,4357,0.1161835715174675,9400,0.2506599724292755,388,0.010346390306949615,260,0.006933148484677076,13217,0.3524439334869385,597,0.015919575467705727,6649,0.17730194330215454,7124,0.1899682730436325,26862,0.716300904750824,0.7323200702667236
22,2018-19,35570,0,2858,2528,2691,2620,2726,2797,2793,2057,2076,2130,2867,2827,2279,2321,17629,0.49561429023742676,17941,0.5043857097625732,,,7386,0.20764689147472382,10294,0.28940117359161377,5482,0.1541186422109604,409,0.01149845402687788,280,0.00787180196493864,11554,0.3248243033885956,165,0.004638740327209234,6070,0.1706494241952896,4131,0.11613719165325165,25020,0.7034017443656921,0.6436364650726318
22,2019-20,34997,210,2858,2526,2554,2623,2569,2636,2759,2008,2026,2054,2617,2832,2382,2343,17322,0.49495670199394226,17675,0.5050432682037354,,,7418,0.211961030960083,9621,0.27490928769111633,5472,0.15635626018047333,432,0.012343915179371834,275,0.00785781629383564,11632,0.3323713541030884,147,0.004200359806418419,6099,0.1742720752954483,3980,0.11372403055429459,24374,0.6964597105979919,0.6598749160766602
22,2020-21,33431,206,2491,2264,2398,2409,2500,2464,2550,1960,1983,1986,2629,2706,2490,2395,16477,0.4928658902645111,16954,0.5071340799331665,,,7353,0.21994556486606598,8942,0.26747629046440125,5157,0.15425802767276764,445,0.013310998678207397,294,0.008794233202934265,11031,0.32996320724487305,209,0.0062516825273633,5933,0.17747001349925995,4161,0.12446531653404236,23254,0.6955819725990295,0.6450313329696655
22,2021-22,32524,1393,2434,2137,2185,2222,2227,2346,2315,1778,1841,1909,2433,2639,2256,2409,16173,0.4972635507583618,16351,0.5027364492416382,,,7367,0.22650966048240662,8318,0.2557496130466461,4947,0.15210306644439697,472,0.014512360095977783,305,0.00937769003212452,10870,0.3342147469520569,245,0.007532898802310228,5893,0.18118926882743835,3963,0.12184847891330719,21807,0.670489490032196,0.6194736361503601
22,2022-23,33434,1997,2611,2212,2205,2226,2243,2230,2402,1724,1801,1896,2766,2548,2360,2213,16521,0.494137704372406,16905,0.5056230425834656,8,0.00023927738948259503,7704,0.23042412102222443,8047,0.24068313837051392,5041,0.15077465772628784,533,0.015941856428980827,315,0.009421546943485737,11474,0.34318357706069946,320,0.009571094997227192,5869,0.17553986608982086,4385,0.1311539113521576,22572,0.6751211285591125,0.6435755491256714
23,2018-19,9290,590,795,608,632,671,700,716,649,846,860,839,371,345,326,342,4306,0.46350914239883423,4984,0.5364908576011658,,,122,0.013132400810718536,6899,0.7426264882087708,1968,0.2118406891822815,50,0.005382131319493055,109,0.011733046732842922,126,0.013562970794737339,16,0.0017222820315510035,2367,0.2547900974750519,444,0.047793325036764145,8345,0.8982776999473572,0.8845226168632507
23,2019-20,9199,788,867,597,589,620,622,668,653,764,841,837,366,327,308,352,4141,0.45015761256217957,5058,0.549842357635498,,,121,0.013153603300452232,6698,0.7281226515769958,1976,0.2148059606552124,56,0.006087618414312601,101,0.010979454033076763,133,0.014458092860877514,114,0.012392651289701462,2234,0.24285247921943665,430,0.0467442125082016,8115,0.8821610808372498,0.893310010433197
23,2020-21,8309,425,672,567,562,561,607,599,641,705,749,818,388,343,351,321,3767,0.453363835811615,4542,0.546636164188385,,,117,0.014081116765737534,5969,0.7183776497840881,1834,0.22072450816631317,110,0.013238657265901566,91,0.010951980017125607,129,0.01552533358335495,59,0.007100733928382397,2055,0.2473221868276596,421,0.05066794902086258,7369,0.8868696689605713,0.8967294096946716
23,2021-22,7863,476,616,523,566,530,512,563,584,657,687,706,463,396,317,267,3585,0.4559328556060791,4278,0.5440671443939209,,,102,0.012972148135304451,5624,0.7152486443519592,1867,0.23744118213653564,59,0.007503497414290905,79,0.010047055780887604,111,0.014116749167442322,21,0.0026707362849265337,1898,0.24138370156288147,422,0.05366908386349678,7005,0.890881359577179,0.8838872313499451
23,2022-23,7895,448,591,530,530,552,541,501,586,630,673,694,420,505,355,339,3636,0.4605446457862854,4259,0.5394553542137146,0,0,84,0.010639645159244537,5435,0.6884104013442993,2005,0.25395819544792175,70,0.008866370655596256,82,0.010386320762336254,115,0.014566181227564812,104,0.013172893784940243,1908,0.24167194962501526,543,0.06877771019935608,7045,0.892336905002594,0.8960630297660828
24,2018-19,59578,0,4035,4520,4612,4704,4797,4897,4830,4220,4439,4419,3909,3730,2962,3504,28230,0.4738326370716095,31348,0.5261673927307129,,,11824,0.19846251606941223,1514,0.02541206404566765,37413,0.6279667019844055,251,0.004212964326143265,325,0.005455033853650093,7966,0.13370707631111145,285,0.0047836448065936565,10217,0.17148947715759277,12795,0.21476048231124878,45397,0.761975884437561,0.7249976396560669
24,2019-20,58313,258,3981,4348,4475,4516,4604,4754,4557,4250,4369,4475,3863,3582,3148,3133,27789,0.476548969745636,30524,0.523451030254364,,,11495,0.1971258521080017,1444,0.024762917309999466,36724,0.6297737956047058,246,0.004218613263219595,332,0.005693413317203522,7694,0.13194313645362854,378,0.0064822593703866005,10025,0.17191706597805023,12291,0.21077632904052734,44650,0.7656954526901245,0.7404882907867432
24,2020-21,55158,175,3356,4082,4074,4267,4336,4417,4356,4009,4278,4311,3575,3552,3046,3324,26309,0.4769752323627472,28849,0.5230247378349304,,,10921,0.19799485802650452,1371,0.02485586889088154,34902,0.6327640414237976,279,0.005058196373283863,322,0.0058377753011882305,7063,0.1280503273010254,300,0.005438921041786671,9671,0.1753326803445816,12924,0.23430871963500977,42498,0.7704775333404541,0.7389453053474426
24,2021-22,54197,1489,3263,3762,3930,3958,4146,4211,4084,3779,4067,4301,3892,3226,2966,3123,25767,0.47543221712112427,28430,0.5245677828788757,,,10306,0.19015812873840332,1193,0.022012287750840187,35121,0.6480247974395752,333,0.006144251674413681,313,0.005775227211415768,6595,0.1216856986284256,336,0.006199605297297239,9330,0.17214974761009216,14243,0.26280051469802856,40280,0.7432145476341248,0.7101289629936218
24,2022-23,53707,1934,3337,3602,3725,3841,3948,4108,4029,3767,3910,4131,3820,3586,2739,3230,25623,0.47708866000175476,28082,0.522874116897583,2,3.723909321706742E-05,9649,0.17966000735759735,1158,0.021561434492468834,35145,0.6543839573860168,378,0.007038188632577658,366,0.006814754102379084,6344,0.1181224063038826,667,0.01241923775523901,8931,0.16629117727279663,14481,0.26962965726852417,40404,0.752304196357727,0.7293550968170166
25,2018-19,39037,0,3080,2847,2989,2921,2769,2820,2839,2959,2798,2786,2954,2569,2348,2358,19090,0.48902323842048645,19947,0.5109767913818359,,,19256,0.49327561259269714,2750,0.07044598460197449,11451,0.2933370769023895,362,0.009273253381252289,244,0.006250480189919472,4771,0.12221738696098328,203,0.005200194660574198,5701,0.1460409313440323,7036,0.1802392601966858,26941,0.6901401281356812,0.6303076148033142
25,2019-20,38687,92,2960,2858,2845,2975,2873,2713,2801,2872,2952,2827,2819,2703,2304,2093,18946,0.4897252321243286,19741,0.5102747678756714,,,19036,0.4920516014099121,2525,0.0652673989534378,11738,0.3034094274044037,376,0.00971902720630169,225,0.005815907381474972,4557,0.11779150366783142,230,0.005945149343460798,5729,0.14808592200279236,6825,0.1764158457517624,27012,0.6982190608978271,0.6542007923126221
25,2020-21,37515,75,2832,2683,2755,2751,2851,2789,2625,2780,2810,2887,2465,2658,2434,2120,18279,0.487245112657547,19236,0.5127549171447754,,,18682,0.4979874789714813,2329,0.06208183243870735,11404,0.303985059261322,419,0.011168865486979485,231,0.006157536990940571,4209,0.11219511926174164,241,0.006424096878618002,5686,0.1515660434961319,7249,0.19322937726974487,26285,0.700653076171875,0.6458888053894043
25,2021-22,37197,1625,2514,2617,2581,2584,2563,2693,2652,2561,2631,2710,2617,2418,2258,2173,18282,0.49149125814437866,18915,0.5085087418556213,,,18096,0.4864908456802368,2146,0.05769282579421997,11813,0.31757938861846924,443,0.011909562163054943,218,0.0058606876991689205,4182,0.11242841929197311,299,0.00803828239440918,5668,0.1523778736591339,7356,0.19775788486003876,24873,0.6686829328536987,0.6167190670967102
25,2022-23,37360,2150,2587,2480,2629,2546,2553,2532,2674,2655,2527,2632,2694,2481,2197,2023,18340,0.49089935421943665,19015,0.5089668035507202,5,0.0001338329748250544,17739,0.4748126268386841,1948,0.052141327410936356,12341,0.33032655715942383,482,0.012901498936116695,250,0.0066916486248373985,4096,0.10963597148656845,504,0.013490363955497742,5652,0.15128479897975922,7454,0.19951820373535156,25193,0.6743308305740356,0.6417445540428162
26,2018-19,32678,0,1746,1812,1900,1784,1851,1887,1902,2167,1994,1933,4160,3314,3119,3109,15921,0.4872085154056549,16757,0.5127914547920227,,,17289,0.529071569442749,3748,0.11469490081071854,5649,0.17286859452724457,455,0.013923740945756435,263,0.008048227988183498,5162,0.15796560049057007,112,0.0034273823257535696,4800,0.14688780903816223,2633,0.08057408779859543,18759,0.5740559101104736,0.46768712997436523
26,2019-20,32524,31,1746,1788,1813,1901,1764,1834,1885,2067,2185,2030,4067,3433,3046,2934,15853,0.48742467164993286,16671,0.5125753283500671,,,17329,0.5328065156936646,3607,0.11090271919965744,5607,0.1723957657814026,482,0.014819825068116188,371,0.011406960897147655,5028,0.15459352731704712,100,0.0030746525153517723,4785,0.14712212979793549,2566,0.07889558374881744,18955,0.5828003883361816,0.4971531927585602
26,2020-21,31661,28,1666,1670,1695,1736,1833,1722,1795,1927,1997,2167,3898,3414,3164,2949,15492,0.489308625459671,16169,0.5106914043426514,,,17039,0.5381699800491333,3434,0.10846151411533356,5603,0.176968514919281,481,0.015192192047834396,355,0.01121253240853548,4600,0.14528915286064148,149,0.004706105217337608,4694,0.14825810492038727,2931,0.09257446229457855,18155,0.573418378829956,0.4918278157711029
26,2021-22,30859,912,1490,1624,1635,1573,1664,1751,1663,1760,1802,1946,3684,3323,3117,2915,15103,0.4894196093082428,15756,0.5105803608894348,,,16790,0.5440876483917236,3243,0.10509089380502701,5625,0.18228068947792053,511,0.016559189185500145,342,0.011082665994763374,4159,0.13477429747581482,189,0.006124631501734257,4644,0.15049093961715698,2761,0.08947146683931351,17561,0.5690722465515137,0.47751519083976746
26,2022-23,30607,1197,1567,1519,1589,1610,1588,1662,1759,1790,1763,1793,3414,3302,3225,2829,14988,0.48969191312789917,15616,0.5102100968360901,3,9.801679698284715E-05,16742,0.5469990372657776,3034,0.09912765026092529,5722,0.1869506984949112,544,0.017773712053894997,326,0.010651158168911934,3881,0.12680105865001678,358,0.01169667113572359,4553,0.14875681698322296,2689,0.08785571902990341,17398,0.5684320330619812,0.4960171580314636
27,2018-19,45146,985,2826,3223,3247,3299,3298,3527,3536,3700,3560,3586,3196,2719,2448,1996,21532,0.47694146633148193,23614,0.5230585336685181,,,10200,0.22593364119529724,9947,0.22032959759235382,17765,0.39350107312202454,354,0.007841226644814014,1995,0.04418995976448059,4706,0.1042395755648613,179,0.003964914008975029,8183,0.18125636875629425,4825,0.1068754717707634,34029,0.7537544965744019,0.6881651878356934
27,2019-20,45820,2168,2950,3060,3170,3169,3237,3250,3541,3488,3733,3552,3238,2708,2288,2268,21855,0.47697511315345764,23965,0.52302485704422,,,10302,0.2248363196849823,9808,0.21405500173568726,18265,0.39862504601478577,395,0.008620689623057842,2043,0.04458751529455185,4710,0.10279353708028793,297,0.006481885444372892,8111,0.17701877653598785,4595,0.10028371959924698,34536,0.7537319660186768,0.7104367613792419
27,2020-21,43662,1843,2733,2787,2986,3023,3040,3142,3173,3408,3451,3662,2853,2791,2381,2389,20811,0.4766387343406677,22851,0.5233612656593323,,,9729,0.2228253334760666,9159,0.20977051556110382,17571,0.40243232250213623,472,0.010810315608978271,1970,0.04511932656168938,4526,0.10365993529558182,235,0.005382254719734192,7894,0.18079794943332672,4589,0.10510283708572388,33048,0.7569053173065186,0.7065012454986572
27,2021-22,41502,1943,2593,2790,2776,2780,2847,2935,3006,3057,3266,3311,2836,2513,2492,2357,19769,0.4763384759426117,21733,0.5236614942550659,,,9083,0.21885691583156586,8533,0.20560455322265625,17035,0.4104621410369873,446,0.010746469721198082,1893,0.045612260699272156,4092,0.09859766066074371,420,0.010119994170963764,7650,0.18432846665382385,4638,0.11175365000963211,30973,0.7463014125823975,0.6829877495765686
27,2022-23,41150,1924,2694,2717,2839,2712,2725,2871,2907,3015,3064,3301,2916,2638,2359,2468,19682,0.4782989025115967,21468,0.5217010974884033,0,0,8850,0.2150668352842331,8370,0.20340219140052795,17232,0.41876062750816345,483,0.01173754595220089,1917,0.04658566042780876,3876,0.09419198334217072,422,0.010255164466798306,7456,0.18119075894355774,4995,0.12138517946004868,30732,0.7468286752700806,0.7005615830421448
28,2018-19,42379,0,3253,2763,2715,2731,2775,2715,2785,2642,2526,2519,4074,3907,3427,3547,20937,0.4940418601036072,21442,0.5059581398963928,,,12674,0.29906320571899414,8474,0.19995751976966858,11745,0.2771419882774353,737,0.017390688881278038,1509,0.03560725972056389,6953,0.1640671044588089,287,0.006772221997380257,6592,0.15554873645305634,4551,0.10738809406757355,29418,0.6941645741462708,0.6121336817741394
28,2019-20,42006,336,3289,2752,2707,2653,2637,2695,2592,2603,2589,2534,3985,3791,3525,3318,20740,0.49373897910118103,21266,0.5062609910964966,,,12480,0.2971004247665405,7948,0.18921107053756714,11959,0.28469741344451904,803,0.019116315990686417,1547,0.036828070878982544,6832,0.1626434326171875,437,0.010403275489807129,6460,0.1537875533103943,4337,0.10324715822935104,28657,0.6822120547294617,0.6334084272384644
28,2020-21,40681,288,2971,2529,2655,2530,2511,2518,2547,2484,2546,2572,3881,3743,3533,3373,20299,0.4989798665046692,20382,0.5010201334953308,,,12528,0.3079570233821869,7444,0.18298467993736267,11559,0.2841375470161438,827,0.02032889984548092,1488,0.03657727316021919,6454,0.1586489975452423,381,0.009365551173686981,6254,0.15373270213603973,4452,0.10943683981895447,27311,0.6713453531265259,0.6268460154533386
28,2021-22,39396,1647,2744,2390,2364,2416,2349,2326,2261,2334,2294,2450,3608,3495,3373,3345,19666,0.49918773770332336,19730,0.500812292098999,,,12054,0.305970162153244,7076,0.1796121448278427,11519,0.2923900783061981,848,0.021525027230381966,1482,0.03761803358793259,6111,0.15511727333068848,306,0.007767286151647568,6080,0.15433038771152496,4178,0.10605137795209885,25333,0.643034815788269,0.5966261029243469
28,2022-23,39246,1891,2882,2354,2421,2337,2432,2311,2269,2230,2338,2303,3553,3353,3253,3319,19513,0.4971971809864044,19728,0.5026754140853882,5,0.00012740152305923402,11735,0.29901134967803955,6791,0.17303673923015594,11695,0.29799214005470276,941,0.023976964876055717,1479,0.037685368210077286,5993,0.15270346403121948,612,0.015593945980072021,5925,0.15097080171108246,4510,0.11491616815328598,25651,0.6535952687263489,0.6203717589378357
29,2018-19,26894,0,2215,2125,2230,2228,2310,2291,2392,2338,2278,2227,1069,1070,1055,1066,12950,0.48152002692222595,13944,0.5184799432754517,,,4411,0.1640142798423767,16332,0.6072729825973511,4361,0.1621551215648651,232,0.008626459166407585,1013,0.03766639530658722,480,0.017847847193479538,65,0.0024168959353119135,4486,0.1668030023574829,2320,0.08626459538936615,19692,0.7322079539299011,0.6278095245361328
29,2019-20,26140,200,2120,2038,2128,2170,2165,2290,2245,2207,2309,2264,1165,987,917,935,12591,0.4816755950450897,13549,0.5183244347572327,,,4370,0.1671767383813858,15437,0.5905508995056152,4467,0.1708875298500061,258,0.009869931265711784,1025,0.0392119362950325,467,0.017865341156721115,116,0.004437643568962812,4344,0.16618210077285767,2311,0.08840856701135635,19225,0.7354629039764404,0.6579546332359314
29,2020-21,24612,157,1801,1801,1983,2045,2080,2104,2240,2110,2172,2251,1041,1033,888,906,11810,0.4798472225666046,12802,0.520152747631073,,,4265,0.1732894480228424,14046,0.5706972479820251,4388,0.17828701436519623,302,0.012270437553524971,1010,0.04103689268231392,483,0.01962457410991192,118,0.004794409032911062,4115,0.16719485819339752,2383,0.09682268649339676,17989,0.7309036254882813,0.658638596534729
29,2021-22,24266,1222,1838,1667,1738,1834,1919,1962,2024,2009,2031,2101,1173,973,951,824,11650,0.48009559512138367,12616,0.519904375076294,,,4299,0.17716145515441895,13626,0.5615264177322388,4512,0.18593917787075043,275,0.011332728900015354,943,0.03886095806956291,428,0.017637846991419792,183,0.007541415747255087,4022,0.1657463163137436,2367,0.09754388779401779,17095,0.7044836282730103,0.6284242272377014
29,2022-23,24176,1364,1972,1717,1722,1716,1811,1928,1986,1860,1970,2009,1129,1132,965,895,11621,0.4806833267211914,12555,0.5193166732788086,0,0,4283,0.1771591603755951,13194,0.5457478761672974,4678,0.1934976875782013,312,0.012905361130833626,970,0.04012243449687958,403,0.01666942425072193,336,0.01389808114618063,3910,0.16173064708709717,2497,0.10328424721956253,16914,0.699619472026825,0.6533182859420776
30,2018-19,40730,0,3219,2898,2885,2897,2947,2952,2967,3439,3162,3242,2894,2662,2329,2237,20135,0.4943530559539795,20595,0.5056469440460205,,,8769,0.21529585123062134,2622,0.06437515467405319,21494,0.5277191400527954,582,0.014289221726357937,308,0.007561993785202503,6821,0.16746869683265686,134,0.003289958229288459,6148,0.150945246219635,6565,0.1611834019422531,28693,0.7044684290885925,0.6901205778121948
30,2019-20,39837,157,3056,2912,2814,2781,2796,2860,2923,3272,3199,3120,2770,2500,2336,2341,19753,0.4958455562591553,20084,0.5041544437408447,,,8371,0.21013128757476807,2454,0.061601024121046066,21055,0.5285287499427795,637,0.015990160405635834,262,0.006576800253242254,6851,0.17197580635547638,207,0.00519617460668087,6076,0.1525215208530426,6094,0.15297336876392365,27921,0.7008810639381409,0.6943379640579224
30,2020-21,37978,113,2806,2550,2683,2635,2627,2662,2830,3061,3063,3163,2832,2555,2183,2215,18890,0.4973932206630707,19088,0.5026067495346069,,,8020,0.2111748903989792,2356,0.06203591451048851,19852,0.5227236747741699,676,0.017799777910113335,259,0.006819737609475851,6600,0.17378482222557068,215,0.005661172326654196,5864,0.15440517663955688,6464,0.1702038049697876,27182,0.7157301306724548,0.6924160718917847
30,2021-22,37664,1452,2572,2564,2462,2525,2554,2514,2577,2999,2826,2999,2715,2674,2136,2095,18707,0.49668118357658386,18957,0.5033188462257385,,,7596,0.20167799293994904,2314,0.061437979340553284,19811,0.5259929895401001,759,0.02015186846256256,261,0.0069296942092478275,6709,0.17812766134738922,214,0.005681818351149559,5797,0.15391355752944946,6964,0.18489804863929749,25202,0.6691270470619202,0.6555823683738708
30,2022-23,38080,1894,2748,2480,2533,2473,2532,2500,2569,2781,2920,2839,2833,2612,2281,2085,18828,0.4944327771663666,19248,0.5054621696472168,4,0.0001050420178216882,7315,0.1920955926179886,2247,0.05900735408067703,19822,0.5205357074737549,862,0.02263655513525009,300,0.007878151722252369,7048,0.1850840300321579,486,0.012762605212628841,5688,0.1493697464466095,7394,0.19417016208171844,25394,0.6668592691421509,0.6643782258033752
31,2018-19,62265,0,4090,4264,4518,4564,4560,4555,4624,4371,4371,4197,4724,4619,4588,4220,30549,0.49062877893447876,31716,0.5093712210655212,,,6899,0.1108006089925766,7735,0.12422709167003632,17880,0.2871597111225128,956,0.015353729948401451,292,0.004689632914960384,28180,0.4525817036628723,323,0.005187504924833775,15258,0.245049387216568,3919,0.06294065713882446,35997,0.5781257748603821,0.5220618844032288
31,2019-20,64054,2317,3907,4286,4245,4484,4527,4590,4492,4369,4408,4363,4846,4644,4476,4100,31315,0.4888843894004822,32739,0.5111156105995178,,,7823,0.12213132530450821,7664,0.11964904516935349,18544,0.2895057201385498,1086,0.016954444348812103,302,0.00471477210521698,28433,0.44389107823371887,202,0.0031535890884697437,15478,0.2416398674249649,3939,0.061494987457990646,36593,0.5712835788726807,0.5418459177017212
31,2020-21,63051,2366,3730,4033,4230,4156,4413,4485,4499,4295,4339,4427,4763,4652,4545,4118,30819,0.4887947738170624,32232,0.5112051963806152,,,8213,0.13025963306427002,7524,0.1193319708108902,18320,0.29055842757225037,1116,0.0176999568939209,300,0.004758052993565798,27274,0.4325704574584961,304,0.00482149375602603,15184,0.24082092940807343,4377,0.0694199949502945,36259,0.5750741362571716,0.5387490391731262
31,2021-22,61838,2597,3743,3955,4067,4118,4057,4333,4421,4103,4275,4301,4666,4591,4657,3954,30191,0.48822730779647827,31647,0.5117726922035217,,,9161,0.1481451541185379,7283,0.11777547746896744,18003,0.2911316752433777,1146,0.018532294780015945,290,0.004689672961831093,25672,0.4151492714881897,283,0.004576473962515593,14985,0.24232672154903412,4605,0.07446877658367157,35963,0.5815679430961609,0.5384706258773804
31,2022-23,61409,2823,3725,3873,4059,4092,4138,4046,4386,4180,4145,4271,4401,4612,4501,4157,29951,0.4877298176288605,31453,0.5121887922286987,5,8.142129081534222E-05,10171,0.16562718152999878,6904,0.1124265193939209,17842,0.29054373502731323,1163,0.018938591703772545,274,0.004461886826902628,24494,0.3988666236400604,561,0.009135468862950802,14756,0.24029050767421722,4824,0.07855526357889175,36517,0.5946522355079651,0.5572164058685303
32,2018-19,11029,0,1082,639,678,700,814,818,905,1040,991,1054,588,600,561,559,5357,0.4857194721698761,5672,0.5142805576324463,,,243,0.02203282341361046,1837,0.16656088829040527,8600,0.7797624468803406,19,0.0017227309290319681,51,0.004624172579497099,259,0.02348354272544384,20,0.0018134010024368763,2343,0.21243992447853088,2038,0.18478555977344513,9818,0.8901985883712769,0.8723880052566528
32,2019-20,11807,784,1134,648,668,690,688,799,869,993,1037,1017,691,655,590,544,5786,0.49004828929901123,6021,0.5099517107009888,,,248,0.021004488691687584,1759,0.14897942543029785,9105,0.7711527347564697,20,0.0016939103370532393,54,0.0045735579915344715,315,0.026679089292883873,306,0.025916829705238342,2264,0.1917506605386734,2272,0.19242821633815765,10094,0.8549165725708008,0.8813287019729614
32,2020-21,11204,731,1014,538,651,656,674,679,789,956,961,1019,669,676,625,566,5427,0.4843805730342865,5777,0.5156193971633911,,,245,0.021867189556360245,1766,0.15762227773666382,8602,0.7677615284919739,91,0.008122099563479424,54,0.004819707479327917,307,0.027400927618145943,139,0.012406283058226109,2207,0.1969832181930542,2260,0.2017136663198471,9549,0.8522849082946777,0.8749542832374573
32,2021-22,11181,777,972,615,618,696,677,703,731,919,930,989,694,654,623,583,5405,0.4834093451499939,5776,0.5165906548500061,,,220,0.01967623643577099,1690,0.15114927291870117,8812,0.7881227135658264,42,0.0037563724908977747,56,0.005008496344089508,310,0.02772560529410839,51,0.004561309237033129,2136,0.1910383701324463,2716,0.24291208386421204,9209,0.8236293792724609,0.8286088109016418
32,2022-23,10676,781,914,582,596,621,658,676,718,835,911,928,578,661,622,595,5145,0.48192206025123596,5531,0.5180779099464417,0,0,213,0.019951293244957924,1503,0.14078307151794434,8368,0.7838141918182373,36,0.0033720494247972965,77,0.007212439086288214,336,0.03147246316075325,143,0.013394529931247234,2006,0.18789808452129364,2754,0.25796177983283997,8818,0.8259648084640503,0.8433190584182739
75,2018-19,25479,0,388,1540,1794,1737,1890,1866,1969,1754,1632,1602,1933,1818,1487,4069,6819,0.2676321566104889,18659,0.7323285937309265,,,2204,0.08650261163711548,9038,0.3547234833240509,10278,0.403391033411026,208,0.00816358532756567,458,0.017975587397813797,3290,0.1291259527206421,3,0.00011774402810260653,25075,0.9841437935829163,5794,0.2274029552936554,22031,0.864672839641571,0.8901286721229553
75,2019-20,26174,187,245,1749,1823,1914,1814,1925,1862,1874,1756,1658,1944,1741,1509,4173,6941,0.2651868164539337,19233,0.7348131537437439,,,2393,0.09142660349607468,9126,0.34866660833358765,10671,0.40769466757774353,245,0.00936043355613947,431,0.016466721892356873,3272,0.12500955164432526,36,0.0013754107058048248,25806,0.9859402179718018,5957,0.22759227454662323,22922,0.8757545948028564,0.8995588421821594
75,2020-21,26524,133,275,1727,1937,1901,1898,1804,1891,1755,1895,1732,1875,1782,1474,4445,7025,0.26485446095466614,19499,0.7351455092430115,,,2517,0.09489519149065018,9229,0.3479490280151367,10850,0.4090634882450104,243,0.009161514230072498,425,0.016023224219679832,3247,0.12241743505001068,13,0.0004901221254840493,26231,0.9889534115791321,5801,0.2187075912952423,23255,0.8767531514167786,0.8947396874427795
75,2021-22,25937,153,207,1570,1902,1876,1816,1806,1694,1809,1630,1813,1845,1749,1511,4556,6925,0.26699310541152954,19012,0.7330068945884705,,,2654,0.10232486575841904,8809,0.3396306335926056,10596,0.4085283577442169,267,0.010294174775481224,427,0.016462968662381172,3176,0.12245055288076401,8,0.0003084396885242313,25624,0.9879323244094849,6007,0.23159964382648468,22650,0.8732698559761047,0.8888611793518066
75,2022-23,26245,143,255,1927,1994,2031,1879,1797,1776,1627,1739,1637,1972,1723,1511,4234,6999,0.2666793763637543,19244,0.7332444190979004,2,7.6204989454709E-05,2838,0.10813488066196442,8670,0.3303486406803131,10831,0.41268813610076904,292,0.011125928722321987,472,0.017984377220273018,3135,0.11945132166147232,7,0.00026671745581552386,25967,0.989407479763031,6258,0.23844541609287262,22861,0.8710611462593079,0.8888301849365234
79,2018-19,5100,0,0,0,0,0,0,0,0,8,24,130,282,3779,92,785,1765,0.34607842564582825,3335,0.6539215445518494,,,531,0.10411764681339264,1891,0.37078431248664856,2253,0.4417647123336792,21,0.004117647185921669,75,0.014705882407724857,329,0.0645098015666008,0,0,874,0.17137254774570465,716,0.14039215445518494,3724,0.7301960587501526,0.85001540184021
79,2019-20,9025,0,0,0,0,0,0,0,1,3,25,175,338,3948,566,3969,3360,0.3722991645336151,5665,0.6277008056640625,,,884,0.09795013815164566,3151,0.34914126992225647,4206,0.4660387933254242,32,0.003545706393197179,147,0.016288088634610176,598,0.06626038998365402,7,0.00077562325168401,1872,0.20742382109165192,1410,0.15623268485069275,6992,0.7747368216514587,0.8683958053588867
79,2020-21,7234,0,0,0,0,0,0,0,0,3,9,146,270,3693,457,2656,2713,0.3750345706939697,4521,0.6249654293060303,,,691,0.09552115201950073,2577,0.35623446106910706,3329,0.46018800139427185,25,0.0034559026826173067,100,0.013823610730469227,508,0.07022394239902496,4,0.0005529444315470755,1606,0.22200718522071838,1051,0.14528614282608032,5758,0.7959635257720947,0.870246171951294
79,2021-22,5055,0,0,0,0,0,0,0,0,2,96,113,231,2218,339,2056,1723,0.3408506512641907,3332,0.6591493487358093,,,456,0.09020771831274033,1857,0.3673590421676636,2313,0.4575667679309845,24,0.004747774451971054,66,0.013056379742920399,338,0.0668644905090332,1,0.0001978239306481555,1214,0.24015825986862183,731,0.14460930228233337,3848,0.7612265348434448,0.8495522141456604
79,2022-23,5613,0,0,0,0,0,0,0,0,0,81,106,248,2730,325,2123,1899,0.3383217453956604,3713,0.661500096321106,1,0.00017815784667618573,494,0.08800997585058212,1994,0.35524675250053406,2668,0.4753251373767853,39,0.0069481562823057175,82,0.014608943834900856,336,0.059861037880182266,0,0,1284,0.2287546694278717,713,0.1270265430212021,4271,0.7609121799468994,0.8739995956420898
84,2018-19,119551,0,524,12001,12103,11765,10955,10196,10568,10871,9568,8690,6954,6480,4764,4112,60958,0.509891152381897,58593,0.49010881781578064,,,3256,0.027235237881541252,61792,0.5168672800064087,46552,0.3893902897834778,1113,0.009309833869338036,1358,0.011359169147908688,5199,0.04348771646618843,281,0.0023504612036049366,21281,0.17800770699977875,8264,0.06912530958652496,96585,0.8078978657722473,0.7538944482803345
84,2019-20,129668,0,572,13217,13130,12313,11798,10928,11152,12087,10677,9320,7553,6867,5556,4498,65986,0.5088842511177063,63682,0.4911157786846161,,,3732,0.028781194239854813,65654,0.5063238143920898,51836,0.3997593820095062,1228,0.009470339864492416,1433,0.0110512999817729,5516,0.042539406567811966,269,0.002074528718367219,23257,0.17935805022716522,9256,0.0713822990655899,104010,0.8021254539489746,0.7810327410697937
84,2020-21,138648,0,636,13122,13775,13331,12526,11982,11474,12952,12093,10584,7746,7269,6065,5093,70093,0.5055463910102844,68555,0.4944535791873932,,,4292,0.03095608949661255,68676,0.49532628059387207,56084,0.4045063853263855,1543,0.01112890150398016,1556,0.011222664266824722,6052,0.043650105595588684,445,0.0032095666974782944,25299,0.18246927857398987,10755,0.07757053524255753,112037,0.8080679178237915,0.780144214630127
84,2021-22,139752,0,863,12299,13122,13154,12688,11963,11694,12849,12336,11538,8075,7221,6248,5702,70506,0.5045079588890076,69246,0.49549201130867004,,,4526,0.032385941594839096,67765,0.48489466309547424,57427,0.41092076897621155,1907,0.013645600527524948,1526,0.010919342748820782,6106,0.04369168356060982,495,0.003541988553479314,25970,0.18582917749881744,12672,0.09067490696907043,112123,0.8022997975349426,0.7777878642082214
84,2022-23,140918,0,1217,11988,12787,12821,12850,12135,11681,13115,12539,11877,8210,7448,6404,5846,71263,0.5057054162025452,69649,0.49425196647644043,6,4.257795444573276E-05,4840,0.034346215426921844,66832,0.47426164150238037,59177,0.419939249753952,1842,0.013071431778371334,1451,0.010296768508851528,6315,0.04481329396367073,461,0.003271406050771475,25904,0.18382321298122406,13475,0.09562298655509949,114062,0.8094210624694824,0.7900232672691345
